声音组,物品举例,安静,低频音乐,高频音乐,宽带杂音,正确次数
1,机油、煤油灯,✓ / ✓,✓ / ✓,✓ / ✓,✓ / ✓,8/8
2,油桶、丙烷罐,✓ / ✓,✓ / ✓,✓ / ✓,✓ / ✓,8/8
3,硝化棉、大口径火炮发射药包,✓ / ✓,✓ / ✓,✓ / ✓,✓ / ✓,8/8
4,耐冲击硬胶,✓ / ✓,✓ / ✓,✓ / ✓,✓ / ✓,8/8
5,一袋水泥,✓ / ✓,✓ / ✓,✓ / ✓,✓ / ✓,8/8
6,钛合金板、汽车蓄电池,✓ / ✓,✓ / ✓,✓ / ✓,✓ / ✓,8/8
7,橡胶垫,✓ / ✓,✓ / ✓,✓ / ✓,✓ / ✓,8/8
8,吸音板材、橡木片,✓ / ✓,✓ / ✓,✓ / ✓,✓ / ✓,8/8
9,隔音棉、高效能手电筒,✓ / ✓,✓ / ✓,✓ / ✓,✓ / ✓,8/8
10,钯金线材、晶片处理器,✓ / ✓,✓ / ✓,✓ / ✓,✓ / ✓,8/8
11,电源线,✓ / ✓,✓ / ✓,✗ / ✓,✓ / ✓,7/8
12,显示卡、PSU电源,✓ / ✓,✓ / ✓,✓ / ✓,✓ / ✓,8/8
13,破损的萤幕、完好的萤幕,✓ / ✓,✓ / ✓,✓ / ✓,✓ / ✓,8/8
14,监听音响、牙雕双颈鲁特琴,✓ / ✓,✓ / ✓,✓ / ✓,✓ / ✓,8/8
15,电池、D型电池,✓ / ✓,✓ / ✓,✓ / ✗,✓ / ✓,7/8
16,太阳能板,✓ / ✓,✓ / ✓,✓ / ✓,✓ / ✓,8/8
17,高密度电池正极模组、可擕式千斤顶,✓ / ✓,✓ / ✓,✓ / ✓,✓ / ✓,8/8
18,电钻、工具套组,✓ / ✓,✓ / ✓,✓ / ✓,✓ / ✓,8/8
19,工具箱,✓ / ✓,✓ / ✓,✓ / ✓,✓ / ✓,8/8
20,火焰喷枪,✓ / ✓,✓ / ✓,✓ / ✓,✓ / ✓,8/8
21,相框,✓ / ✓,✓ / ✓,✓ / ✓,✓ / ✓,8/8
22,腕表、医用剪刀,✓ / ✓,✓ / ✓,✓ / ✓,✓ / ✓,8/8
23,小袋肥料,✓ / ✓,✓ / ✓,✓ / ✓,✓ / ✓,8/8
24,奢华茶具、费洛蒙试剂盒,✓ / ✓,✓ / ✓,✓ / ✓,✓ / ✓,8/8
25,比维拉琴,✓ / ✓,✓ / ✓,✓ / ✓,✓ / ✓,8/8
26,针管、金丝边眼镜,✓ / ✓,✓ / ✓,✓ / ✓,✓ / ✓,8/8
27,医用海绵,✓ / ✓,✓ / ✓,✓ / ✓,✓ / ✓,8/8
28,金豹雕像、金狮雕像,✓ / ✓,✓ / ✓,✓ / ✓,✓ / ✓,8/8
29,纪念硬币、金手镯,✓ / ✓,✓ / ✓,✓ / ✓,✓ / ✓,8/8
30,花瓶、「北境星辰」琥珀珍饮,✓ / ✓,✓ / ✓,✓ / ✓,✓ / ✓,8/8
31,座钟,✓ / ✓,✓ / ✓,✓ / ✓,✓ / ✓,8/8
32,古董茶壶,✓ / ✓,✓ / ✓,✓ / ✓,✓ / ✓,8/8
33,银质手链、怀表,✓ / ✓,✓ / ✓,✓ / ✓,✓ / ✓,8/8
34,集邮册,✓ / ✓,✓ / ✓,✓ / ✓,✓ / ✓,8/8
35,邮票、文件,✓ / ✓,✓ / ✓,✓ / ✓,✓ / ✓,8/8
36,黄金魔术方块、金杯,✓ / ✓,✓ / ✓,✓ / ✓,✓ / ✓,8/8
37,硬壳笔记本、维修手册,✓ / ✓,✓ / ✓,✓ / ✓,✓ / ✓,8/8
38,军用电台、老式收音机,✓ / ✓,✓ / ✓,✓ / ✓,✓ / ✓,8/8
